<deck name="Commonly Used Protocols IT"><fields><text name='Front' sides='11' ></text><text name='Back' sides='01' ></text></fields><cards><card><field name='Front'>TELNET</field><field name='Back'>TELETYPE NETWORK

TCP 23

used for remote command-line access</field></card><card><field name='Front'>HTTP</field><field name='Back'>HYPERTEXT TRANSFER PROTOCOL

 TCP 80

used for web traffic and websites</field></card><card><field name='Front'>DNS</field><field name='Back'>DOMAIN NAME SERVICE

UDP 53

used for domain name resolution</field></card><card><field name='Front'>SNMP</field><field name='Back'>SIMPLE NETWORK MANAGEMENT PROTOCOL

UDP 161

used for network device management</field></card><card><field name='Front'>IMAP</field><field name='Back'>INTERNET MESSAGE ACCESS PROTOCOL

TCP 143

used for email retrieval</field></card><card><field name='Front'>RDP</field><field name='Back'>REMOTE DESKTOP PROTOCOL

TCP 3389

used for Remote Desktop access</field></card><card><field name='Front'>SMB</field><field name='Back'>SERVER MESSAGE BLOCK

TCP 445

used for shared access to resources</field></card><card><field name='Front'>SMTP</field><field name='Back'>SIMPLE MAIL TRANSFER PROTOCOL

TCP 25

used for sending email</field></card><card><field name='Front'>POP3</field><field name='Back'>POST OFFICE PROTOCOL VERSION 3

TCP 110

used for email retrieval</field></card><card><field name='Front'>SSH</field><field name='Back'>SECURE SHELL

TCP 22

used for secure remote access</field></card><card><field name='Front'>FTP</field><field name='Back'>FILE TRANSFER PROTOCOL

TCP 21

used for file transfers</field></card><card><field name='Front'>HTTPS</field><field name='Back'>HYPERTEXT TRANSFER PROTOCOL SECURE

TCP 443

used for secure, encrypted web traffic</field></card></cards></deck>